glay,degree,hub_status,mean_log_expression,gene,selected,shared name,variance_log_expression,weighted_degree
1,1,non_hub,3.375008159169228,Smp_346960.1,False,Smp_346960.1,0.7834355780145851,0.9760689901617162
2,1,non_hub,2.486187100012594,Smp_335670.1,False,Smp_335670.1,0.8402590963931175,0.979325833261632
2,1,non_hub,0.9747664064606252,Smp_348240.1,False,Smp_348240.1,0.842112522309925,0.979325833261632
3,1,non_hub,2.123186259083803,Smp_137840.2,False,Smp_137840.2,0.8714236795250937,0.9807604040976764
4,2,non_hub,1.9436637982742435,Smp_058140.1,False,Smp_058140.1,0.8163579672114246,1.96331338575889
4,2,non_hub,0.6720006080591996,Smp_056460.1,False,Smp_056460.1,0.8217703743483398,1.9624329067471848
4,3,non_hub,0.5842319674132046,Smp_328620.2,False,Smp_328620.2,0.8670852944364337,2.9568322665069324
4,3,non_hub,0.6291734173777038,Smp_141010.2,False,Smp_141010.2,0.9198859297331836,2.96649629957548
5,1,non_hub,0.7641686072398407,Smp_140260.1,False,Smp_140260.1,0.7924825226657785,0.9852672883725688
6,2,non_hub,1.9824735353913476,Smp_345970.1,False,Smp_345970.1,0.7452564060451858,1.9686867826020973
6,2,non_hub,2.521567599629824,Smp_130520.1,False,Smp_130520.1,0.9314042953419892,1.98370366559666
6,2,non_hub,1.1685174432337038,Smp_246050.3,False,Smp_246050.3,0.977226046167226,1.982362894537789
7,2,non_hub,4.458716659756698,Smp_007630.2,False,Smp_007630.2,0.8886756887120563,1.9772950356613492
1,2,non_hub,5.727835011110378,Smp_179390.1,False,Smp_179390.1,0.7775989475581406,1.9734170284196704
1,1,non_hub,0.9746569761367138,Smp_320100.1,False,Smp_320100.1,0.9928608678277512,0.9973480382579544
8,3,non_hub,2.910622593865093,Smp_205300.2,False,Smp_205300.2,0.7959474464841169,2.9575279997730166
9,1,non_hub,3.152905180664644,Smp_193680.1,False,Smp_193680.1,0.7253864083868268,0.9958063610328264
9,1,non_hub,5.672785672220916,Smp_335785.1,False,Smp_335785.1,1.0864032917473323,0.9958063610328264
5,3,non_hub,0.6437219845810968,Smp_203090.1,False,Smp_203090.1,0.7213707312237806,2.969694678379078
5,4,non_hub,3.9450848553732456,Smp_055870.2,False,Smp_055870.2,0.7363535602432628,3.936342942040272
5,4,non_hub,1.103304828240736,Smp_154900.1,False,Smp_154900.1,0.7961872603516312,3.928559619515928
5,4,non_hub,0.8528302134993394,Smp_317510.1,False,Smp_317510.1,1.1608769146668394,3.94656831600257
10,3,non_hub,6.2385136072425125,Smp_341710.1,False,Smp_341710.1,0.7061215453541562,2.959221191404872
10,3,non_hub,1.0838439075021082,Smp_181080.2,False,Smp_181080.2,1.0631142855447109,2.964106002416752
10,3,non_hub,1.1660931370407357,Smp_246970.1,False,Smp_246970.1,1.171415910048901,2.970943037178937
5,3,non_hub,2.2855334002339887,Smp_322980.1,False,Smp_322980.1,0.8314005384440071,2.9446388816987072
5,3,non_hub,0.9846581527434723,Smp_323420.1,False,Smp_323420.1,0.8463064646098232,2.9561084473019736
5,3,non_hub,1.1474090943394777,Smp_335380.1,False,Smp_335380.1,1.101146027239278,2.9480232106481066
5,3,non_hub,1.1056956593752405,Smp_312620.1,False,Smp_312620.1,1.1973285962383942,2.96682353000795
3,3,non_hub,1.1611025239821269,Smp_332600.2,False,Smp_332600.2,1.0392605662069117,2.938394433252052
10,2,non_hub,1.7454793617265152,Smp_169220.1,False,Smp_169220.1,0.7207739629457834,1.9487186139317505
11,3,non_hub,1.2203358830306323,Smp_307220.3,False,Smp_307220.3,1.0887469759639927,2.9562790028472614
11,4,non_hub,1.347843589767267,Smp_332090.1,False,Smp_332090.1,1.219681989105862,3.953884397619401
10,4,non_hub,1.3320907257998094,Smp_129410.1,False,Smp_129410.1,0.8399148330688444,3.913033851091442
10,2,non_hub,3.434206647928712,Smp_349140.1,False,Smp_349140.1,1.2309659827103652,1.9528323122526303
12,3,non_hub,2.96869999345252,Smp_323240.1,False,Smp_323240.1,1.2400563875157595,2.978446568506321
12,4,non_hub,4.23632168363265,Smp_000500.1,False,Smp_000500.1,1.3230595867065378,3.932522333264228
13,1,non_hub,0.9699298010466918,Smp_051670.1,False,Smp_051670.1,0.8935241592044928,0.998716877746149
13,1,non_hub,2.518613096978831,Smp_346380.2,False,Smp_346380.2,1.3422014272361764,0.998716877746149
14,3,non_hub,0.802471844530189,Smp_343390.1,False,Smp_343390.1,1.0073053886144907,2.9517660434344952
14,3,non_hub,0.9491800051909516,Smp_091190.2,False,Smp_091190.2,1.3862753587887522,2.9570152793490045
15,4,non_hub,1.237453381505664,Smp_170770.1,False,Smp_170770.1,1.0408214374914693,3.95769053174864
15,5,non_hub,2.285418495645005,Smp_131390.1,False,Smp_131390.1,1.1573478490668057,4.93080261485749
15,4,non_hub,3.2231294385102283,Smp_019840.1,False,Smp_019840.1,1.396315703623044,3.9652172134441415
7,3,non_hub,4.048848469208856,Smp_018240.2,False,Smp_018240.2,0.7113866741288254,2.9494719680801573
7,2,non_hub,8.406703711680583,Smp_068920.2,False,Smp_068920.2,1.152721835871749,1.985574245668302
7,3,non_hub,1.6488046245211363,Smp_048050.1,False,Smp_048050.1,1.4580829094817058,2.934923785591224
7,2,non_hub,2.882236483402253,Smp_309740.1,False,Smp_309740.1,1.1425769762674316,1.968333331237286
15,7,non_hub,0.8954899638756133,Smp_344420.1,False,Smp_344420.1,0.8057832104139436,6.869539994104054
15,4,non_hub,1.020261516712687,Smp_163600.1,False,Smp_163600.1,1.430447146776676,3.950692604732721
16,8,non_hub,2.159616789217699,Smp_314730.1,False,Smp_314730.1,0.7782496398476768,7.879334264764026
16,2,non_hub,2.3978309465593965,Smp_324700.1,False,Smp_324700.1,1.2709653660312854,1.94857736926727
16,10,non_hub,1.533146880033606,Smp_310150.1,False,Smp_310150.1,1.5799740157600184,9.811088365941057
10,7,non_hub,3.872901243591243,Smp_340300.2,False,Smp_340300.2,0.7457801086254747,6.873301978538871
10,8,non_hub,3.328211281191916,Smp_000790.1,False,Smp_000790.1,0.834356990384452,7.860085570032873
10,9,non_hub,1.2741724089196789,Smp_347490.1,False,Smp_347490.1,1.2073707209115143,8.839627269145215
10,8,non_hub,1.292986627990838,Smp_063530.1,False,Smp_063530.1,1.5967135235089858,7.850868572963536
12,2,non_hub,4.456603307586166,Smp_175240.1,False,Smp_175240.1,0.9708690290632516,1.9568478898362769
16,9,non_hub,1.329573512883449,Smp_001890.1,False,Smp_001890.1,1.1426267558320888,8.852031711217657
14,4,non_hub,1.827850117459881,Smp_086330.2,False,Smp_086330.2,0.6977314464696794,3.9162192479303055
10,7,non_hub,2.963908129519265,Smp_328360.1,False,Smp_328360.1,0.7101058534619523,6.903228478511415
10,9,non_hub,1.1362429633033138,Smp_082410.1,False,Smp_082410.1,0.923066820000324,8.885711303757184
10,9,non_hub,2.1344931955961344,Smp_043500.2,False,Smp_043500.2,1.0161764417515895,8.891980409123592
10,9,non_hub,3.838091938380644,Smp_019690.2,False,Smp_019690.2,1.0998488214958655,8.893281539694613
10,7,non_hub,2.266412663085166,Smp_150000.1,False,Smp_150000.1,0.7081549867137146,6.893184378894737
10,2,non_hub,0.4904564920166311,Smp_347540.2,False,Smp_347540.2,0.7197940299901896,1.9849481729321985
10,4,non_hub,2.038421776349284,Smp_302310.2,False,Smp_302310.2,0.8404553233455235,3.963633212533127
10,3,non_hub,2.059921082965108,Smp_122790.2,False,Smp_122790.2,1.4722776704329477,2.9477758496188504
10,5,non_hub,0.8828747632236191,Smp_060620.1,False,Smp_060620.1,1.5550939993732475,4.9357710901551215
10,7,non_hub,1.236062621337813,Smp_318100.1,False,Smp_318100.1,1.652249780782952,6.899764968013184
10,6,non_hub,2.267657350028229,Smp_017710.1,False,Smp_017710.1,1.6791758883744086,5.896305082192237
17,1,non_hub,0.4920882457650788,Smp_245600.2,False,Smp_245600.2,0.7531085605748866,0.9777669993243636
17,1,non_hub,0.9060917039888262,Smp_319970.1,False,Smp_319970.1,1.7159974942354193,0.9777669993243636
3,5,non_hub,1.426052606062123,Smp_127680.1,False,Smp_127680.1,0.772577565639058,4.929146297705205
18,2,non_hub,4.471180102995437,Smp_049230.1,False,Smp_049230.1,1.39684439764177,1.9635276338984549
10,6,non_hub,0.8035432419890725,Smp_028210.2,False,Smp_028210.2,0.7013598679472469,5.936263317591187
10,6,non_hub,3.037104176122709,Smp_328910.1,False,Smp_328910.1,0.7364648362762388,5.918821040710994
10,5,non_hub,3.1757641760845505,Smp_074390.1,False,Smp_074390.1,0.8017101075313513,4.9743217554490124
10,9,non_hub,0.7700213655117396,Smp_327460.1,False,Smp_327460.1,0.8382104428249072,8.855107583869207
10,4,non_hub,2.5778814887431967,Smp_133590.1,False,Smp_133590.1,1.223140913590124,3.92868190108882
10,5,non_hub,2.837948444743218,Smp_017470.1,False,Smp_017470.1,1.6988093639029038,4.964479308499946
10,6,non_hub,1.1727354816046225,Smp_164270.2,False,Smp_164270.2,1.860237560663416,5.954537911176102
12,11,non_hub,11.17223836093696,Smp_335130.1,False,Smp_335130.1,1.8810557068154845,10.850941547029134
5,1,non_hub,3.113658091689964,Smp_179970.1,False,Smp_179970.1,0.8489172833557399,0.9701500662485248
5,2,non_hub,1.9611345179895747,Smp_349480.1,False,Smp_349480.1,1.0721504301717788,1.9726302885779543
5,2,non_hub,1.5591379851352491,Smp_047870.2,False,Smp_047870.2,2.0372528902376934,1.9697347087711368
8,4,non_hub,0.7999754200067484,Smp_211020.1,False,Smp_211020.1,0.8838754656449281,3.9684808418924034
8,4,non_hub,0.8370911428943302,Smp_170770.2,False,Smp_170770.2,0.9371279004314724,3.948399304517087
8,4,non_hub,0.9920962010014256,Smp_335370.1,False,Smp_335370.1,1.0591475171574878,3.961147565242787
8,3,non_hub,1.2475145948499935,Smp_196880.2,False,Smp_196880.2,2.07836305819124,2.9736728942822124
18,2,non_hub,1.8465795754158592,Smp_175880.1,False,Smp_175880.1,1.805503992520987,1.949679740904766
18,1,non_hub,1.7437942380632432,Smp_213510.1,False,Smp_213510.1,2.098198389340714,0.9741588466811546
12,8,non_hub,6.295628912592206,Smp_165050.1,False,Smp_165050.1,1.253486224990097,7.86440046060062
12,4,non_hub,1.279860017445155,Smp_331290.1,False,Smp_331290.1,1.481055253220655,3.933179530512532
12,5,non_hub,5.873631623418167,Smp_323200.1,False,Smp_323200.1,1.602222312083813,4.916247581646923
12,11,non_hub,7.419099278269775,Smp_323190.1,False,Smp_323190.1,1.7247567838186315,10.853368395626797
12,11,non_hub,10.1624116599177,Smp_323300.1,False,Smp_323300.1,1.8395831565028828,10.862757892312471
12,9,non_hub,8.053314857784114,Smp_323290.1,False,Smp_323290.1,2.14323877009221,8.87491030556519
7,3,non_hub,2.424983809597048,Smp_331380.1,False,Smp_331380.1,0.8412220316090323,2.943712502696984
7,1,non_hub,1.6622734700746378,Smp_085830.1,False,Smp_085830.1,1.724491368810761,0.9922990886416028
7,2,non_hub,6.126212035313886,Smp_323250.1,False,Smp_323250.1,2.1618705924849007,1.971835484903651
3,2,non_hub,1.646525871104413,Smp_058140.3,False,Smp_058140.3,0.7896545292161975,1.953568316321682
12,5,non_hub,1.0006873791011657,Smp_173380.1,False,Smp_173380.1,0.7634783048294954,4.9261678729907405
15,2,non_hub,0.625338478650778,Smp_310980.1,False,Smp_310980.1,1.0796695612535836,1.986293293314973
15,2,non_hub,0.9385116130826122,Smp_023940.1,False,Smp_023940.1,2.2591167161700967,1.991560813430543
3,4,non_hub,2.528702155684285,Smp_347590.1,False,Smp_347590.1,0.9952906614317542,3.917041840905569
3,1,non_hub,2.021927179770161,Smp_200850.1,False,Smp_200850.1,2.268016121719525,0.9873137528935227
18,2,non_hub,3.6322045392379065,Smp_046060.1,False,Smp_046060.1,1.477677994467787,1.9513206743144769
7,3,non_hub,4.11728748524554,Smp_337670.1,False,Smp_337670.1,0.7864568288322928,2.957225543054814
12,11,non_hub,10.789647742658456,Smp_335135.1,False,Smp_335135.1,2.0040488882440184,10.85391374065475
15,6,non_hub,1.680918641380554,Smp_140200.2,False,Smp_140200.2,0.7742532297942563,5.92112586550782
15,5,non_hub,0.9879767623645328,Smp_201530.1,False,Smp_201530.1,1.4665726308351683,4.947173921624362
15,4,non_hub,1.1168966755010146,Smp_332840.1,False,Smp_332840.1,1.549904623651375,3.972877925132562
15,4,non_hub,0.9918356021851878,Smp_167840.1,False,Smp_167840.1,1.7114931528713333,3.937583630390864
15,4,non_hub,1.5901007538720222,Smp_212190.2,False,Smp_212190.2,2.6326794370220763,3.946590456087199
3,3,non_hub,1.4106011957287217,Smp_331440.1,False,Smp_331440.1,1.1991574237666285,2.974226248237298
10,3,non_hub,0.9264215728151068,Smp_032670.1,False,Smp_032670.1,1.0236258168139434,2.9628886879179546
10,5,non_hub,1.1514008822226718,Smp_327370.1,False,Smp_327370.1,1.6431234655380222,4.913535538939992
10,2,non_hub,1.7320870401460629,Smp_326770.2,False,Smp_326770.2,2.791809824690332,1.9691235293558704
3,11,non_hub,1.2680231844856331,Smp_141010.3,False,Smp_141010.3,0.7421717785103983,10.833040495662893
3,10,non_hub,1.3353095584916448,Smp_152290.1,False,Smp_152290.1,0.7952592633603442,9.89688009334919
3,11,non_hub,1.8708525687368576,Smp_093430.1,False,Smp_093430.1,1.5708599897396371,10.89158045849424
3,12,non_hub,1.8757120914057457,Smp_150080.2,False,Smp_150080.2,1.6023193870640744,11.839365035615971
3,9,non_hub,1.92961280957849,Smp_097940.1,False,Smp_097940.1,1.7006491670651187,8.83072751003694
3,12,non_hub,1.9610181233405188,Smp_051000.2,False,Smp_051000.2,1.712999526058657,11.85124895160987
3,11,non_hub,2.143305792470051,Smp_023940.2,False,Smp_023940.2,2.0425821382552054,10.87267410882592
3,5,non_hub,2.384059907148804,Smp_305620.1,False,Smp_305620.1,2.6137157043466366,4.924203137350072
3,12,non_hub,2.530642334620782,Smp_020450.2,False,Smp_020450.2,2.8520693441658964,11.838324062325402
3,5,non_hub,1.1943199060598977,Smp_054620.3,False,Smp_054620.3,0.8105832454615491,4.922759952913858
3,8,non_hub,2.186579687203941,Smp_323280.1,False,Smp_323280.1,2.208340001086313,7.823856665180609
3,4,non_hub,2.2883172111095367,Smp_173320.2,False,Smp_173320.2,2.7855267437285565,3.953917075848625
16,5,non_hub,1.0978476411641789,Smp_304890.2,False,Smp_304890.2,0.7648976486940032,4.907280126327736
16,3,non_hub,0.9896810530233188,Smp_318260.2,False,Smp_318260.2,0.8801454016522966,2.928759183415362
16,3,non_hub,2.290796090269577,Smp_085540.2,False,Smp_085540.2,3.2998538936918185,2.958208018134845
16,6,non_hub,1.445346992574605,Smp_150230.1,False,Smp_150230.1,1.2822196003059878,5.912268696271546
16,1,non_hub,2.0812671280634287,Smp_247580.1,False,Smp_247580.1,3.323553566475528,0.9854679823782566
12,6,non_hub,1.144538656283198,Smp_348910.1,False,Smp_348910.1,1.8205545410197277,5.905721887057741
12,6,non_hub,0.90895555218544,Smp_334920.1,False,Smp_334920.1,0.9456687599964524,5.907585265821804
12,10,non_hub,5.576878489353115,Smp_152590.1,False,Smp_152590.1,0.9493212254908544,9.855038283999193
12,4,non_hub,2.8201354161660275,Smp_326490.1,False,Smp_326490.1,1.1495273357999347,3.941184201911693
12,12,non_hub,6.954015399767719,Smp_323270.2,False,Smp_323270.2,1.5132516300467274,11.872726941057582
12,10,non_hub,9.221745527498404,Smp_319290.1,False,Smp_319290.1,1.8962764906309115,9.878473622591176
12,12,non_hub,14.426452228493808,Smp_323440.1,False,Smp_323440.1,1.8986820880545332,11.885399193449992
12,11,non_hub,7.826894507054435,Smp_323270.1,False,Smp_323270.1,1.964296656430984,10.85022645273804
12,11,non_hub,9.7259890318946,Smp_323320.1,False,Smp_323320.1,2.002195296334916,10.909782788848675
12,8,non_hub,1.36037700947809,Smp_327820.1,False,Smp_327820.1,3.5616874651525623,7.875847074862658
16,7,non_hub,1.2363674843826464,Smp_244890.1,False,Smp_244890.1,0.8449396503595207,6.879896092562473
16,8,non_hub,1.3881452576709017,Smp_181180.2,False,Smp_181180.2,0.9228401754752812,7.894006269687055
16,7,non_hub,1.341527334073159,Smp_347900.1,False,Smp_347900.1,0.94439060736293,6.828361076231161
16,11,non_hub,1.479685815059465,Smp_062020.1,False,Smp_062020.1,1.026728686843284,10.837380362683316
16,12,non_hub,2.9954047935029307,Smp_323360.1,False,Smp_323360.1,4.128957682714255,11.841817956180837
15,3,non_hub,1.623204897553845,Smp_196880.1,False,Smp_196880.1,2.17506431166777,2.930257495589186
3,10,non_hub,1.3423253601836864,Smp_181180.1,False,Smp_181180.1,0.855005570553066,9.83530421052306
3,3,non_hub,1.3351118379397466,Smp_167630.2,False,Smp_167630.2,0.9115918246143117,2.966931796636724
3,11,non_hub,2.6610592905776347,Smp_346930.2,False,Smp_346930.2,1.3734386610285014,10.80856173212699
3,3,non_hub,1.7297144062711058,Smp_305460.1,False,Smp_305460.1,1.695916890408929,2.9210623814124266
3,11,non_hub,1.978412082748108,Smp_320200.1,False,Smp_320200.1,1.7647380271527056,10.88879938215386
3,6,non_hub,2.458041255555776,Smp_303350.1,False,Smp_303350.1,2.9532668253746386,5.888499765255244
3,6,non_hub,3.089235441637876,Smp_322700.2,False,Smp_322700.2,4.641928899072716,5.903493150490385
16,23,non_hub,1.3956345001490988,Smp_063530.2,False,Smp_063530.2,0.9254551906302204,22.67910022104541
16,23,non_hub,1.9024200976963983,Smp_345290.1,False,Smp_345290.1,1.7207889171468962,22.630019089783
11,3,non_hub,3.433590134821926,Smp_046060.2,False,Smp_046060.2,0.7915133866920531,2.9394099206836084
11,7,non_hub,1.4016436914182215,Smp_146150.1,False,Smp_146150.1,1.009630678679429,6.901141915801035
11,8,non_hub,3.2348830304459844,Smp_088420.1,False,Smp_088420.1,1.0504426288302318,7.867441303272841
11,7,non_hub,1.4584821776884966,Smp_055090.3,False,Smp_055090.3,1.2176139002418898,6.885948485973763
11,5,non_hub,3.29152087554658,Smp_331190.1,False,Smp_331190.1,1.4080918078972229,4.899812338428333
16,16,non_hub,1.7555149815546296,Smp_345970.2,False,Smp_345970.2,1.4685569342979532,15.728145751343568
16,13,non_hub,2.3346032278174897,Smp_319450.1,False,Smp_319450.1,2.5757143086595407,12.78306017244594
11,7,non_hub,3.001926237339755,Smp_326650.1,False,Smp_326650.1,4.799645802750767,6.86811294577533
15,6,non_hub,3.3484759843153458,Smp_020450.1,False,Smp_020450.1,0.7984562521447365,5.886928931548463
15,6,non_hub,0.7195419280426006,Smp_192010.1,False,Smp_192010.1,1.0744448435670728,5.89871294459024
15,10,non_hub,1.0709630270256612,Smp_322930.1,False,Smp_322930.1,1.185792852327572,9.78752543303575
15,10,non_hub,1.7949953797108276,Smp_010550.2,False,Smp_010550.2,5.673849275784375,9.858989735762984
12,9,non_hub,0.9723413507850138,Smp_244440.1,False,Smp_244440.1,0.6932076622650207,8.838061613258317
12,8,non_hub,2.992176643170532,Smp_071590.1,False,Smp_071590.1,0.776061976535797,7.911572558712094
12,5,non_hub,1.1800447188938918,Smp_053550.1,False,Smp_053550.1,1.4767480555239627,4.90923453203155
12,6,non_hub,1.030685252992956,Smp_332600.3,False,Smp_332600.3,1.5408425369186831,5.885581693651751
12,8,non_hub,1.090485450909788,Smp_340840.1,False,Smp_340840.1,1.5890964667779677,7.920591718062587
12,7,non_hub,1.5597654666890135,Smp_133590.2,False,Smp_133590.2,2.2171805246902507,6.890925546636046
12,8,non_hub,1.3709435681070303,Smp_319120.2,False,Smp_319120.2,2.5439211477667296,7.883825182904517
12,8,non_hub,1.597321845252189,Smp_317180.1,False,Smp_317180.1,3.401991784316595,7.931879569775443
12,9,non_hub,1.9170801131154132,Smp_200710.1,False,Smp_200710.1,4.9365743628276215,8.887555455049789
12,9,non_hub,2.0637178192783283,Smp_308755.1,False,Smp_308755.1,5.721792461732427,8.887347911452805
5,4,non_hub,1.7451571364758005,Smp_314280.1,False,Smp_314280.1,0.8349114284339425,3.9311850140302376
5,2,non_hub,0.8338502132757453,Smp_316910.1,False,Smp_316910.1,0.9284969914440504,1.972574957309519
5,3,non_hub,0.8230583107126596,Smp_022320.2,False,Smp_022320.2,1.0546708000059033,2.973622191660963
5,3,non_hub,1.2081402398609582,Smp_307630.1,False,Smp_307630.1,2.3103484979712765,2.969459629900038
5,4,non_hub,2.036458694357409,Smp_084180.1,False,Smp_084180.1,5.7536074082622575,3.922048341981096
16,21,non_hub,5.117179755781546,Smp_019690.1,False,Smp_019690.1,0.8796448685226177,20.704231684571027
16,30,hub,1.5642269384392768,Smp_012350.1,False,Smp_012350.1,1.1089695298377824,29.641295609474785
16,27,hub,1.5605287290254428,Smp_320400.1,False,Smp_320400.1,1.1336540350731448,26.60897732341666
16,30,hub,1.594010015877928,Smp_336310.2,False,Smp_336310.2,1.1368962720555846,29.65217937194264
16,32,hub,2.219415759943121,Smp_341200.2,False,Smp_341200.2,1.183640891253307,31.584916694805656
16,26,hub,2.220986101713509,Smp_133860.1,False,Smp_133860.1,1.220810956247516,25.666081030030657
16,26,hub,1.891011652613664,Smp_105180.2,False,Smp_105180.2,1.5974316608386234,25.627231463623453
16,25,non_hub,2.0341557758107154,Smp_022320.3,False,Smp_022320.3,1.8399417696037104,24.72177275322792
16,29,hub,2.368756531406394,Smp_246790.1,False,Smp_246790.1,2.509071735491712,28.689008840395925
16,25,non_hub,2.362651557493697,Smp_348840.2,False,Smp_348840.2,2.549365668755636,24.65913618248813
16,19,non_hub,2.804467907202899,Smp_205710.1,False,Smp_205710.1,3.540869123828076,18.717609204305607
16,29,hub,2.9298889539155075,Smp_047870.1,False,Smp_047870.1,3.843212004066856,28.69339040810334
16,26,hub,2.943146983105005,Smp_340430.1,False,Smp_340430.1,3.897463130485648,25.650786450567463
16,21,non_hub,3.149569386895288,Smp_302870.1,False,Smp_302870.1,4.61740765145396,20.68543111009913
16,21,non_hub,3.163202554653359,Smp_340300.1,False,Smp_340300.1,4.633215156162232,20.70304615368816
16,27,hub,3.83786800689414,Smp_134410.1,False,Smp_134410.1,6.592200215093551,26.68537188072142
14,6,non_hub,0.7454625830444561,Smp_214020.2,False,Smp_214020.2,0.7767260645906949,5.939593133635132
14,7,non_hub,0.7866563750340769,Smp_212300.2,False,Smp_212300.2,0.8799764664849317,6.925102861782212
14,7,non_hub,0.7943137229539412,Smp_010550.1,False,Smp_010550.1,0.9421751066262342,6.93892474485747
14,3,non_hub,0.7522975586862775,Smp_328440.1,False,Smp_328440.1,1.175090748870511,2.944608990566995
14,6,non_hub,0.991645006199576,Smp_247700.1,False,Smp_247700.1,1.6853886737270287,5.914559665370994
14,7,non_hub,1.4334339693116842,Smp_330270.1,False,Smp_330270.1,3.395143835646856,6.903286341442338
14,7,non_hub,1.952473232834408,Smp_182600.1,False,Smp_182600.1,5.405524285725917,6.922239077664129
14,7,non_hub,2.043469742117234,Smp_204040.1,False,Smp_204040.1,6.61564122706708,6.921960377131432
16,22,non_hub,1.2371829809469344,Smp_029210.2,False,Smp_029210.2,0.7214225319292861,21.691668086084565
16,18,non_hub,1.5125559021716617,Smp_244860.1,False,Smp_244860.1,0.8025176710546716,17.770600937297758
16,15,non_hub,1.194362711339164,Smp_127870.1,False,Smp_127870.1,0.8029350494179024,14.806789235264938
16,26,hub,4.424188576886111,Smp_041500.2,False,Smp_041500.2,0.909829453314204,25.65683519509289
16,28,hub,4.988610451751297,Smp_004690.2,False,Smp_004690.2,0.9164137248987236,27.598731335220734
16,27,hub,4.825060156081327,Smp_302270.1,False,Smp_302270.1,0.9296788922646332,26.65664173652649
16,30,hub,1.426396834403835,Smp_149380.2,False,Smp_149380.2,0.9693012604950978,29.56200850250568
16,26,hub,1.4661828703806288,Smp_331170.2,False,Smp_331170.2,0.9776086264600666,25.68626569813645
16,21,non_hub,1.391284540089056,Smp_194370.1,False,Smp_194370.1,1.008284374098478,20.69096194633307
15,8,non_hub,1.296091970911478,Smp_168080.2,False,Smp_168080.2,1.0197314625855547,7.8809778890356545
16,14,non_hub,1.4073764227246846,Smp_331590.1,False,Smp_331590.1,1.0403209297926816,13.74560287078412
16,11,non_hub,1.349164495536879,Smp_176260.1,False,Smp_176260.1,1.102319891087235,10.808284682163272
16,30,hub,1.512737248533854,Smp_210520.2,False,Smp_210520.2,1.1063180075612935,29.545545101117582
16,17,non_hub,1.514376253326685,Smp_005190.3,False,Smp_005190.3,1.1085623114914658,16.712790942475582
16,31,hub,1.6310051266214054,Smp_139080.2,False,Smp_139080.2,1.1999155931331145,30.635288385669863
16,21,non_hub,1.5136852206745322,Smp_125250.1,False,Smp_125250.1,1.2049525833514598,20.670769879929978
16,26,hub,1.6855535868748794,Smp_312610.1,False,Smp_312610.1,1.2955679251913763,25.678324186923003
16,19,non_hub,1.6297455017878502,Smp_165350.1,False,Smp_165350.1,1.3323788908968617,18.775997647547992
16,12,non_hub,1.6764233860508,Smp_246050.2,False,Smp_246050.2,1.4515275925892752,11.75109525308397
16,15,non_hub,1.6792163047238238,Smp_172510.2,False,Smp_172510.2,1.5398253171404856,14.758618502527854
16,25,non_hub,1.862349241097133,Smp_302040.3,False,Smp_302040.3,1.5938026296797825,24.681476495853836
16,19,non_hub,1.7910753317288926,Smp_332910.2,False,Smp_332910.2,1.6271881160849748,18.76622438305536
16,19,non_hub,1.8962076687015048,Smp_332780.1,False,Smp_332780.1,1.800709887299889,18.778160753639877
16,31,hub,3.008076727410164,Smp_152630.1,False,Smp_152630.1,4.065358675268367,30.63858776020884
16,33,hub,3.241844614252172,Smp_322700.1,False,Smp_322700.1,4.794368740171649,32.5797802005595
16,25,non_hub,3.691175667794704,Smp_331370.1,False,Smp_331370.1,6.831371133817124,24.52894574670433
19,3,non_hub,2.6703542991563745,Smp_121990.2,False,Smp_121990.2,0.9537781861731506,2.983088106088595
19,3,non_hub,2.2661972192212034,Smp_313630.1,False,Smp_313630.1,1.0021448376291389,2.978530442937749
19,3,non_hub,2.364167753653915,Smp_317170.1,False,Smp_317170.1,3.1009599861895416,2.9635057730802363
19,3,non_hub,3.7234362104953993,Smp_181730.1,False,Smp_181730.1,6.841724968523863,2.983930039095624
7,2,non_hub,3.951389630527036,Smp_340570.1,False,Smp_340570.1,0.6989610892377168,1.9820765692563564
7,3,non_hub,1.6554323137767732,Smp_163600.2,False,Smp_163600.2,1.2361672919814426,2.9590537502094154
7,4,non_hub,4.166746302689804,Smp_348820.2,False,Smp_348820.2,7.764135100488481,3.9420218323903953
14,7,non_hub,0.8134551303584814,Smp_152580.1,False,Smp_152580.1,0.8932717848987403,6.893566808733004
14,5,non_hub,0.8170068312364553,Smp_246970.2,False,Smp_246970.2,0.8974063003507147,4.951471127793691
14,6,non_hub,0.8137203823855726,Smp_181080.1,False,Smp_181080.1,0.9061374310799394,5.915302195679851
14,7,non_hub,1.4131248868149815,Smp_266830.2,False,Smp_266830.2,1.6487948433738389,6.821719763882967
14,5,non_hub,1.424906415814425,Smp_133590.3,False,Smp_133590.3,2.7457322092860994,4.945702507008776
14,5,non_hub,2.4425608656372324,Smp_204370.1,False,Smp_204370.1,7.96385723602367,4.948827324874117
15,11,non_hub,0.6730060822018242,Smp_141290.1,False,Smp_141290.1,0.706331948739603,10.88725617932592
15,11,non_hub,1.2174862794125016,Smp_061250.2,False,Smp_061250.2,0.7247837164134864,10.822662616260956
15,12,non_hub,2.4277448673056354,Smp_058050.1,False,Smp_058050.1,0.7313660191318455,11.840425401111752
15,13,non_hub,1.0430013526681845,Smp_040710.2,False,Smp_040710.2,1.0135328838189284,12.742774560882026
15,11,non_hub,0.8246972804758568,Smp_201340.1,False,Smp_201340.1,1.047911736242035,10.891719246143944
15,8,non_hub,0.8890157929025599,Smp_318200.2,False,Smp_318200.2,1.064626509064813,7.892518881887226
15,7,non_hub,1.0830730562517883,Smp_130520.3,False,Smp_130520.3,1.5649734465753793,6.904839295517975
15,12,non_hub,1.0649804995567678,Smp_309730.1,False,Smp_309730.1,1.6771556710838214,11.877912263628051
15,12,non_hub,1.0352114845163811,Smp_170910.1,False,Smp_170910.1,1.7209319789144348,11.853960424360732
15,11,non_hub,1.2464697657334831,Smp_051000.1,False,Smp_051000.1,2.417278852306414,10.8883042417422
15,12,non_hub,1.5307597507188098,Smp_341160.2,False,Smp_341160.2,3.397944865559112,11.87608625916116
15,7,non_hub,1.8167488668679188,Smp_200770.1,False,Smp_200770.1,4.458196918989044,6.927028346576145
15,12,non_hub,2.4432424420291152,Smp_323230.1,False,Smp_323230.1,8.418126881348664,11.861671262197875
7,3,non_hub,1.2705630227199212,Smp_331600.1,False,Smp_331600.1,0.8374317536010984,2.943972478462209
7,5,non_hub,1.460397796268134,Smp_171140.1,False,Smp_171140.1,0.9715729371348146,4.925264779078557
7,5,non_hub,1.4198714092422038,Smp_304890.1,False,Smp_304890.1,0.980198331278948,4.938551793850838
7,6,non_hub,1.8082239510017029,Smp_163570.2,False,Smp_163570.2,1.4697187400665772,5.919055922494968
7,5,non_hub,3.4883087674603743,Smp_019840.2,False,Smp_019840.2,1.6367586293497178,4.889156640909337
7,7,non_hub,2.258066134401191,Smp_316860.1,False,Smp_316860.1,2.4299593353013806,6.889046040408302
7,6,non_hub,4.320427033241758,Smp_247660.1,False,Smp_247660.1,8.84057992655008,5.923725050883216
16,16,non_hub,1.8591121860074131,Smp_336340.1,False,Smp_336340.1,0.7073870335431929,15.772240123385782
16,15,non_hub,2.209280837912451,Smp_200460.1,False,Smp_200460.1,0.7290257663192442,14.77153886884422
16,14,non_hub,3.2906562339445475,Smp_317240.1,False,Smp_317240.1,0.7481687401584428,13.823099501958309
16,14,non_hub,1.2564738139432852,Smp_130520.4,False,Smp_130520.4,0.7665259246038149,13.840224959365296
16,8,non_hub,1.1306070455024615,Smp_347560.1,False,Smp_347560.1,0.7781686115948089,7.889118087685293
16,19,non_hub,3.658611787905585,Smp_000790.2,False,Smp_000790.2,1.0053716577140408,18.665815049328195
16,14,non_hub,1.5093792905513146,Smp_130470.2,False,Smp_130470.2,1.0892425230487277,13.760842656542884
16,13,non_hub,1.4245910753864717,Smp_131680.2,False,Smp_131680.2,1.0988103798778686,12.83076662083131
16,8,non_hub,1.323390200105487,Smp_322760.1,False,Smp_322760.1,1.1415584469404962,7.856909323054397
16,12,non_hub,1.426736897131938,Smp_106010.1,False,Smp_106010.1,1.1555732170898836,11.838655459172507
16,12,non_hub,1.5188453866049754,Smp_164270.1,False,Smp_164270.1,1.3377663126425272,11.822197717669091
16,15,non_hub,2.1397697149653667,Smp_017470.2,False,Smp_017470.2,2.243509876650707,14.805369801285076
16,10,non_hub,2.07149804908858,Smp_348790.2,False,Smp_348790.2,2.416731476393506,9.849930320174415
16,16,non_hub,2.853544183779615,Smp_156910.2,False,Smp_156910.2,3.808321310038137,15.688024134685808
16,13,non_hub,2.869002397583876,Smp_330170.1,False,Smp_330170.1,4.04721168981496,12.802644637320338
16,15,non_hub,4.392020251946428,Smp_204420.1,False,Smp_204420.1,10.131252231486297,14.80472557972946
18,3,non_hub,2.2536242636524184,Smp_211020.2,False,Smp_211020.2,0.9207078153505832,2.9655733095949026
18,7,non_hub,3.069432400025124,Smp_335110.1,False,Smp_335110.1,0.9676145846356652,6.876340968776046
18,6,non_hub,1.9701114873706551,Smp_150230.2,False,Smp_150230.2,0.9175064683980212,5.926383389918948
18,6,non_hub,2.615798054725333,Smp_343170.2,False,Smp_343170.2,1.8236356164025889,5.862523767026635
18,7,non_hub,2.0285066097317133,Smp_242860.2,False,Smp_242860.2,1.8394820602664723,6.930171213530619
18,7,non_hub,2.2370131699699844,Smp_322350.1,False,Smp_322350.1,2.2411356875724726,6.937212336133456
18,7,non_hub,2.317274179507414,Smp_104500.2,False,Smp_104500.2,2.386963630635073,6.910964359285564
18,8,non_hub,5.602650119516976,Smp_319930.1,False,Smp_319930.1,14.25152434951182,7.899984884411399
18,6,non_hub,5.759717210693752,Smp_348100.1,False,Smp_348100.1,14.967345533140431,5.932302580920697
